<?xml version="1.0" encoding="UTF-8"?>
<project-private xmlns="http://www.netbeans.org/ns/project-private/1">
    <editor-bookmarks xmlns="http://www.netbeans.org/ns/editor-bookmarks/2" lastBookmarkId="0"/>
    <open-files xmlns="http://www.netbeans.org/ns/projectui-open-files/2">
        <group>
            <file>file:/D:/UEM/2º%20ANO%202019/2º%20SEMESTRE/POO-NetBeans/Herança%20e%20Polimorfismo/Praticas/SGF-2019Semestral/src/View/frmAdress.java</file>
            <file>file:/D:/UEM/2º%20ANO%202019/2º%20SEMESTRE/POO-NetBeans/Herança%20e%20Polimorfismo/Praticas/SGF-2019Semestral/src/Controller/ClienteController.java</file>
            <file>file:/D:/UEM/2º%20ANO%202019/2º%20SEMESTRE/POO-NetBeans/Herança%20e%20Polimorfismo/Praticas/SGF-2019Semestral/src/View/NewJFrame1.java</file>
            <file>file:/D:/UEM/2º%20ANO%202019/2º%20SEMESTRE/POO-NetBeans/Herança%20e%20Polimorfismo/Praticas/SGF-2019Semestral/src/View/FrmFactura.java</file>
            <file>file:/D:/UEM/2º%20ANO%202019/2º%20SEMESTRE/POO-NetBeans/Herança%20e%20Polimorfismo/Praticas/SGF-2019Semestral/src/View/FrmUsuario.java</file>
            <file>file:/D:/UEM/2º%20ANO%202019/2º%20SEMESTRE/POO-NetBeans/Herança%20e%20Polimorfismo/Praticas/SGF-2019Semestral/src/View/FrmParamentroDeNegocio.java</file>
            <file>file:/D:/UEM/2º%20ANO%202019/2º%20SEMESTRE/POO-NetBeans/Herança%20e%20Polimorfismo/Praticas/SGF-2019Semestral/src/View/frmCliente.java</file>
        </group>
    </open-files>
</project-private>
